image,prompt,response
/home/albert/multimodal-rsch-master/multimodal-rsch/network-pictures/valid_01.png, What is the IP address of the router connected to the two computers with 32 users each?,The IP address of the router connected to the two computers with 32 users each is 172.16.2.62.
/home/albert/multimodal-rsch-master/multimodal-rsch/network-pictures/valid_01.png, How many users are connected to the network with the subnet 172.16.3.0/25?,There are 66 users connected to the network with the subnet 172.16.3.0/25.
/home/albert/multimodal-rsch-master/multimodal-rsch/network-pictures/valid_01.png, What is the subnet mask of the network connected to fa0/1?,The subnet mask of the network connected to fa0/1 is 255.255.255.252.
/home/albert/multimodal-rsch-master/multimodal-rsch/network-pictures/valid_01.png, Which network is assigned to the interface fa0/2?,The network assigned to the interface fa0/2 is 172.16.2.0/26.
/home/albert/multimodal-rsch-master/multimodal-rsch/network-pictures/valid_01.png, What is the purpose of the 172.16.1.0/30 subnet?,The purpose of the 172.16.1.0/30 subnet is to connect two routers with a point-to-point link.
/home/albert/multimodal-rsch-master/multimodal-rsch/network-pictures/valid_02.png, What is the IP address of the NTP server?,The IP address of the NTP server is 146.185.130.223.
/home/albert/multimodal-rsch-master/multimodal-rsch/network-pictures/valid_02.png, Describe the connection between the Core router and the NTP server.,The Core router is connected to the NTP server over the Internet using the interface Fa0/1.
/home/albert/multimodal-rsch-master/multimodal-rsch/network-pictures/valid_02.png, Why is synchronization with an NTP server important in a network?,"Synchronization with an NTP server is crucial to ensure that all devices in the network have the same accurate time, which is important for time-stamping events, coordinating actions, and maintaining security protocols."
/home/albert/multimodal-rsch-master/multimodal-rsch/network-pictures/valid_02.png, What role do SW1 and SW2 play in this network?,"SW1 and SW2 act as switches that facilitate network connectivity for devices within their respective segments, enabling communication within the 192.168.123.0/24 subnet."
/home/albert/multimodal-rsch-master/multimodal-rsch/network-pictures/valid_02.png, What are some best practices for managing the Core router in this network?,"Some best practices for managing the Core router include regular updates and patches, maintaining secure access control, monitoring network traffic, and ensuring reliable backup and redundancy mechanisms."
/home/albert/multimodal-rsch-master/multimodal-rsch/network-pictures/valid_03.png, Which device is connected to the Internet?,The Core router is connected to the Internet.
/home/albert/multimodal-rsch-master/multimodal-rsch/network-pictures/valid_03.png, What interface does the Core router use to connect to the Internet?
/home/albert/multimodal-rsch-master/multimodal-rsch/network-pictures/valid_03.png, What is the IP address of SW1?,The IP address of SW1 is 192.168.123.1.
/home/albert/multimodal-rsch-master/multimodal-rsch/network-pictures/valid_03.png, What is the purpose of the NTP server in this network?,The NTP server is used to synchronize the clocks of all devices in the network to ensure they have the same time.
/home/albert/multimodal-rsch-master/multimodal-rsch/network-pictures/valid_03.png, Explain how the devices in the 192.168.123.0/24 network communicate with the Internet.,Devices in the 192.168.123.0/24 network communicate with the Internet through the Core router. The Core router forwards packets to and from the Internet using its Fa0/1 interface.
/home/albert/multimodal-rsch-master/multimodal-rsch/network-pictures/valid_04.png, What is the IP address of the gateway in the modem bridge?,The IP address of the gateway in the modem bridge is 200.169.48.1.
/home/albert/multimodal-rsch-master/multimodal-rsch/network-pictures/valid_04.png, Which VLAN is assigned to Appartement 28 in Building 7?,The VLAN assigned to Appartement 28 in Building 7 is VLAN 169.
/home/albert/multimodal-rsch-master/multimodal-rsch/network-pictures/valid_04.png, What are the DNS server IP addresses used in the network?,The DNS server IP addresses used in the network are 200.169.48.3 and 200.169.48.4.
/home/albert/multimodal-rsch-master/multimodal-rsch/network-pictures/valid_04.png, Describe the connection between the modem bridge and the DNS servers.,"The modem bridge connects to the firewall, which then connects to the DNS servers located at IP addresses 200.169.48.3 and 200.169.48.4."
/home/albert/multimodal-rsch-master/multimodal-rsch/network-pictures/valid_04.png, Identify and describe the different buildings and their associated VLANs.,"The network diagram shows two buildings, Building 1 and Building 7. Building 1 contains VLAN 1 for Appartement 1 and VLAN 28 for Appartement 28. Building 7 contains VLAN 169 for Appartement 1 and VLAN 195 for Appartement 28."
/home/albert/multimodal-rsch-master/multimodal-rsch/network-pictures/valid_05.png, What is the IP address of the Cisco ASA 5505?,The IP address of the Cisco ASA 5505 is 192.168.222.254.
/home/albert/multimodal-rsch-master/multimodal-rsch/network-pictures/valid_05.png, Which device provides the wireless access points?,The wireless access points are provided by devices connected at the Bar and Balcony areas.
/home/albert/multimodal-rsch-master/multimodal-rsch/network-pictures/valid_05.png, What is the function of the Netgear POE108P switches in this diagram?,"The Netgear POE108P switches are used to provide Power over Ethernet (PoE) to connected devices, allowing them to receive both data and power through a single Ethernet cable. This setup helps simplify wiring and provides power to devices like wireless access points."
/home/albert/multimodal-rsch-master/multimodal-rsch/network-pictures/valid_05.png, Describe the connection and role of the Domain Controller in the network.,"The Domain Controller, with the IP address 192.168.222.14, is connected to HP 1810G Switch 2. It is responsible for managing domain resources, user authentication, and security policies within the network, ensuring centralized administration and security enforcement."
/home/albert/multimodal-rsch-master/multimodal-rsch/network-pictures/valid_05.png," ""What could be the purpose of having a DMZ in this network"," and how is it implemented?""","A DMZ (Demilitarized Zone) in this network is implemented via port 4 on the Cisco ASA 5505 with the IP address 172.16.10.254. The DMZ provides an additional layer of security by isolating external-facing services from the internal network, reducing the risk of external threats reaching critical internal systems."
/home/albert/multimodal-rsch-master/multimodal-rsch/network-pictures/valid_06.png, What is the purpose of the subnet mask in the network diagram?,"The subnet mask in the network diagram splits the IP address into the host and network addresses, which helps in routing the packets to the correct network segment."
/home/albert/multimodal-rsch-master/multimodal-rsch/network-pictures/valid_06.png, What IP address range is assigned to the application clients?,The application clients are assigned IP addresses within the range of 135.70.2.0 to 135.70.3.2 as shown in the network diagram.
/home/albert/multimodal-rsch-master/multimodal-rsch/network-pictures/valid_06.png, Why is it important to split the IP address into host and network addresses?,"Splitting the IP address into host and network addresses is important for efficient routing and network management. It allows routers to determine the network segment to which a device belongs, facilitating proper data packet delivery."
/home/albert/multimodal-rsch-master/multimodal-rsch/network-pictures/valid_06.png, How does the server facilitate communication between the end users and the internet?,"The server acts as an intermediary, processing requests from end users and directing them to the appropriate internet resources. It ensures data integrity and manages network resources effectively."
/home/albert/multimodal-rsch-master/multimodal-rsch/network-pictures/valid_06.png, Why is it necessary for routers to manage data traffic between IP networks?,Routers manage data traffic between IP networks to ensure that data packets reach their intended destinations without collisions or loss. They help in optimizing network performance and maintaining security by directing traffic based on the IP address information.
/home/albert/multimodal-rsch-master/multimodal-rsch/network-pictures/valid_07.png, Is this diagram valid in its current state?," ""The diagram represents a hierarchical network design with a core/distribution switch connected to two floor switches (Floor 1 and Floor 2)", each of which further connects to departmental switches (HR, Finance, Production, etc.). Each department has its own switch, with a single device connected to each. The IP addresses and interface configurations appear logically consistent and correctly assigned without IP conflicts. Therefore
/home/albert/multimodal-rsch-master/multimodal-rsch/network-pictures/valid_07.png, Describe the connection between the CORE/DIST switch and the HR department on Floor 2.,"The CORE/DIST switch is connected to the Floor 2 switch via interface Fa0/6. The Floor 2 switch then connects to the HR-2 switch via interface Fa0/1, and finally, the HR-2 switch connects to the HR department computer with IP address 10.0.10.15 via interface Fa0/2."
/home/albert/multimodal-rsch-master/multimodal-rsch/network-pictures/valid_07.png, What are the IP addresses of the computers in the FINANCE department on both floors?,The IP addresses of the computers in the FINANCE department are 10.0.20.10 on Floor 1 and 10.0.20.15 on Floor 2.
/home/albert/multimodal-rsch-master/multimodal-rsch/network-pictures/valid_07.png, Explain the role of the Floor 1 and Floor 2 switches in this network.,The Floor 1 and Floor 2 switches act as intermediary devices that connect the CORE/DIST switch to the various department switches on each respective floor. They help manage and route the traffic efficiently to ensure communication between the different departments and the core network.
/home/albert/multimodal-rsch-master/multimodal-rsch/network-pictures/valid_07.png, Which interfaces on the CORE/DIST switch are being used?,The interfaces Fa0/5 and Fa0/6 on the CORE/DIST switch are being used to connect to Floor 1 and Floor 2 switches respectively.
/home/albert/multimodal-rsch-master/multimodal-rsch/network-pictures/valid_08.png, Which router connects to the internet and what is its serial interface IP address?,"Router 5 connects to the internet, and its serial interface IP address is 192.168.15.5."
/home/albert/multimodal-rsch-master/multimodal-rsch/network-pictures/valid_08.png, How many subnets are there in the network and what are their ranges?,"There are four subnets in the network. Subnet 3 ranges from 128.59.14.8 to 128.59.14.15, Subnet 4 ranges from 128.59.14.16 to 128.59.14.23, Subnet 5 ranges from 128.59.14.24 to 128.59.14.31, and Subnet 6 ranges from 128.59.14.32 to 128.59.14.39."
/home/albert/multimodal-rsch-master/multimodal-rsch/network-pictures/valid_08.png, Explain the role of FDDI in this network.,"The FDDI (Fiber Distributed Data Interface) serves as a high-speed backbone connecting Routers 1, 2, and 3, providing a fast and reliable data transmission medium between these routers."
/home/albert/multimodal-rsch-master/multimodal-rsch/network-pictures/valid_08.png, What are the serial link IP addresses between Router 1 and Router 3?,The serial link between Router 1 and Router 3 uses the IP addresses 192.168.13.1 on Router 1 and 192.168.13.3 on Router 3.
/home/albert/multimodal-rsch-master/multimodal-rsch/network-pictures/valid_08.png, Analyze the role of Router 4 in this network setup.,"Router 4 serves as a connection point for Subnet 3 and Subnet 4, linking them to the rest of the network via its serial connections to Router 2. It facilitates communication between these subnets and other parts of the network."
/home/albert/multimodal-rsch-master/multimodal-rsch/network-pictures/valid_09.png, Analyze the role of Router 4 in this network setup.,"Router 4 serves as a connection point for Subnet 3 and Subnet 4, linking them to the rest of the network via its serial connections to Router 2. It facilitates communication between these subnets and other parts of the network."
/home/albert/multimodal-rsch-master/multimodal-rsch/network-pictures/valid_09.png, What is the IP address of the VDSL router?,The IP address of the VDSL router is 192.168.0.1.
/home/albert/multimodal-rsch-master/multimodal-rsch/network-pictures/valid_09.png, Describe the connection setup for the living room devices.,"The living room devices, including the KISS IPTV-STB, Microsoft Xbox, and KISS DP-500 DVD Player, are connected to a 5-Port Fast Ethernet Switch, which is then connected to the VDSL router."
/home/albert/multimodal-rsch-master/multimodal-rsch/network-pictures/valid_09.png," ""How does the NAS RAID-5 storage device connect to the network"," and what is its IP address?""",The NAS RAID-5 storage device connects to the network via an 8-Port Fast Ethernet Switch with the IP address 192.168.1.20.
/home/albert/multimodal-rsch-master/multimodal-rsch/network-pictures/valid_09.png, Explain the role of the Linksys SPA-2002 ATA in the network.,"The Linksys SPA-2002 ATA serves as an analog telephone adapter, allowing analog phones to make VoIP calls. It connects to the network via the 8-Port Fast Ethernet Switch and has the IP address 192.168.1.16."
/home/albert/multimodal-rsch-master/multimodal-rsch/network-pictures/valid_10.png, What is the IP address of the router in the Server Room?,The IP address of the router in the Server Room is 10.20.0.1.
/home/albert/multimodal-rsch-master/multimodal-rsch/network-pictures/valid_10.png, Which devices are connected to Switch1 in the Computer Department?,"Switch1 in the Computer Department connects to multiple devices including CS HOD CABIN (192.168.2.2), Printer (192.168.2.3), PD (192.168.2.4), CS LAB 1 (192.168.2.5), CS LAB 2 (192.168.2.6), CS LAB 3 (192.168.2.7), and CS LAB 4 (192.168.2.8)."
/home/albert/multimodal-rsch-master/multimodal-rsch/network-pictures/valid_10.png, Describe the connection between Router0 and Router2.,"Router0 (10.10.0.1) and Router2 (20.20.0.1) are connected through an intermediary router (20.20.0.2), forming a connection path between them."
/home/albert/multimodal-rsch-master/multimodal-rsch/network-pictures/valid_10.png, Which devices are connected to Switch2 in the Other department?,"Switch2 in the Other department connects to Office (192.168.3.2), Exam Cell (192.168.3.3), TPO (192.168.3.5), Printer2, Printer3, Printer4, and PC Enquiry (192.168.3.4)."
/home/albert/multimodal-rsch-master/multimodal-rsch/network-pictures/valid_10.png, How many devices are in the Internet Lab and what are their IP addresses?,"The Internet Lab contains five devices with the following IP addresses: PC2 (128.168.0.2), PC3 (128.168.0.3), PC4 (128.168.0.4), PC5 (128.168.0.5), and Printer5 (128.168.0.6)."
/home/albert/multimodal-rsch-master/multimodal-rsch/network-pictures/valid_11.png, What is the IP address of the c7200-isg1 router?,The IP address of the c7200-isg1 router is 192.168.1.1.
/home/albert/multimodal-rsch-master/multimodal-rsch/network-pictures/valid_11.png, Explain the connection between the c6500-core1 and the SESM1 device.,The c6500-core1 is connected to the SESM1 device through the FE3/4 interface with the IP address 192.168.4.2. The SESM1 has an IP address of 10.0.0.1.
/home/albert/multimodal-rsch-master/multimodal-rsch/network-pictures/valid_11.png, Which devices are connected to the c7200-bridge1?,"The c7200-bridge1 is connected to the C2900-sw1 switch on the FE0/0 interface and to LS 1010 on the ATM1/0 interface. It also connects to the c7200-isg1 and c7200-isg2 on the ATM1/0 and ATM1/1 interfaces, respectively."
/home/albert/multimodal-rsch-master/multimodal-rsch/network-pictures/valid_11.png, Describe the role of the C7200 AAA/billing server in the network.,"The C7200 AAA/billing server handles authentication, authorization, and accounting (AAA) for users in the network. It also manages billing for services used by clients. This server ensures that only authorized users can access the network and keeps track of their activities for billing purposes."
/home/albert/multimodal-rsch-master/multimodal-rsch/network-pictures/valid_11.png, How does the network ensure redundancy for the c7200-isg2 router?,"The network ensures redundancy for the c7200-isg2 router by connecting it to both the c6500-core1 on the FE3/2 interface and to the c7200-bridge1 on the ATM1/0 interface. This setup provides multiple pathways for data to travel in case one path fails, ensuring continued network availability and reliability."
/home/albert/multimodal-rsch-master/multimodal-rsch/network-pictures/valid_12.png, What is the purpose of the Core Layer in this network topology?,"The Core Layer in this network topology is responsible for high-speed data transfer and routing between different distribution layers. It ensures that data packets are efficiently transported across various parts of the network, providing a backbone for network connectivity."
/home/albert/multimodal-rsch-master/multimodal-rsch/network-pictures/valid_12.png," Which devices are part of the Distribution Layer and what role do they play?""","The devices that are part of the Distribution Layer are the Catalyst 4510R and Catalyst 3750 switches. These switches act as intermediaries between the Core Layer and the Access Layer, managing data traffic, providing routing, and ensuring redundancy and high availability through HSRP for VLAN 2.3.202 and 203."
/home/albert/multimodal-rsch-master/multimodal-rsch/network-pictures/valid_12.png, Explain the significance of HSRP in the Distribution Layer.,"HSRP (Hot Standby Router Protocol) in the Distribution Layer provides network redundancy for VLAN 2.3.202 and 203. It allows for a failover mechanism where one switch can take over the routing responsibilities if the other fails, ensuring continuous network availability and minimizing downtime."
/home/albert/multimodal-rsch-master/multimodal-rsch/network-pictures/valid_12.png," What VLANs are associated with the Access Layer switches and how are they connected to the Distribution Layer?""","The VLANs associated with the Access Layer switches are VLAN 2.202 and VLAN 3.203. The Catalyst 3560 is connected to VLAN 2.202, and the Catalyst 2970 is connected to VLAN 3.203. These VLANs are linked to the Distribution Layer through 1 Gbps connections to the Catalyst 4510R and Catalyst 3750 switches, respectively."
/home/albert/multimodal-rsch-master/multimodal-rsch/network-pictures/valid_12.png, How is data redundancy achieved in this network topology?,"Data redundancy in this network topology is achieved through multiple high-speed connections between the Core and Distribution Layers and the implementation of HSRP for VLAN 2.3.202 and 203. This setup ensures that if one path or device fails, there are alternative pathways and devices available to maintain network functionality."
/home/albert/multimodal-rsch-master/multimodal-rsch/network-pictures/valid_13.png, What is the subnet mask of the network segment connecting PC1?,"The subnet mask of the network segment connecting PC1 is 255.255.255.0, corresponding to the subnet 192.168.10.0/24."
/home/albert/multimodal-rsch-master/multimodal-rsch/network-pictures/valid_13.png, Describe the path a packet takes from PC2 to the Internet.,"A packet from PC2 first travels through the network segment 192.168.20.0/24 to reach switch S1. From S1, the packet moves to router R1 on the 192.168.0.0/16 network segment. R1 then forwards the packet to the firewall, which connects to the Internet on the 192.168.1.0/24 network segment."
/home/albert/multimodal-rsch-master/multimodal-rsch/network-pictures/valid_13.png, What role does the firewall play in this network topology?,"The firewall provides security by controlling incoming and outgoing network traffic between the internal network and the Internet. It ensures that only authorized traffic is allowed to pass through, protecting the internal network from external threats."
/home/albert/multimodal-rsch-master/multimodal-rsch/network-pictures/valid_13.png, Explain the significance of the different subnet segments in this network.,"The network uses different subnet segments (192.168.10.0/24, 192.168.20.0/24, 192.168.0.0/16, and 192.168.1.0/24) to logically separate different parts of the network. This segmentation helps in managing traffic, enhancing security, and improving network performance by reducing broadcast domains."
/home/albert/multimodal-rsch-master/multimodal-rsch/network-pictures/valid_13.png, How does switch S1 manage traffic between the connected devices?,"Switch S1 manages traffic by using MAC addresses to forward data packets only to the intended recipient device. It segments the network into different VLANs, allowing efficient traffic management and reducing collisions within each subnet."
/home/albert/multimodal-rsch-master/multimodal-rsch/network-pictures/valid_14.png, Is this diagram in its current state valid?," ""Yes", the diagram is valid in terms of network topology, with correct logical connections: R1 to FW1, FW1 to both R1 and S1, and S1 to PC1. However, practical implementation requires proper IP address assignment, firewall configuration to manage traffic between the router and switch
/home/albert/multimodal-rsch-master/multimodal-rsch/network-pictures/valid_14.png, What is the IP address range used in this network topology?,The IP address range used in this network topology is 192.168.1.0/24.
/home/albert/multimodal-rsch-master/multimodal-rsch/network-pictures/valid_14.png, Describe the connection between PC1 and the firewall FW1.,"PC1 is connected to switch S1 on Port 0, which in turn is connected to router R1 on the gi0/0 interface. R1 is connected to firewall FW1 through the 192.168.1.0/24 network segment."
/home/albert/multimodal-rsch-master/multimodal-rsch/network-pictures/valid_14.png, What is the purpose of router R1 in this network?,Router R1 serves as the primary routing device that connects the internal network to the firewall FW1. It routes traffic between different segments of the internal network and ensures that data packets are properly directed towards their destinations.
/home/albert/multimodal-rsch-master/multimodal-rsch/network-pictures/valid_14.png, How does switch S1 manage traffic within the internal network?,"Switch S1 manages traffic within the internal network by using MAC addresses to forward data packets only to the appropriate devices. This reduces unnecessary traffic and collisions, improving overall network efficiency and performance."
/home/albert/multimodal-rsch-master/multimodal-rsch/network-pictures/valid_15.png, Describe the network segment that connects the firewall to the switch.,The network segment that connects the firewall to the switch is the 192.168.1.0/24 subnet. The firewall is connected via Port 0 on the 192.168.1.0/24 network segment and Port 1 on the 192.168.10.4/24 network segment.
/home/albert/multimodal-rsch-master/multimodal-rsch/network-pictures/valid_15.png, Explain the significance of the 192.168.10.0/24 subnet in this network.,"The 192.168.10.0/24 subnet in this network connects devices such as the router, PC1, and PC2. This subnet provides a distinct IP range for these devices, facilitating communication within this segment and improving network organization."
/home/albert/multimodal-rsch-master/multimodal-rsch/network-pictures/valid_15.png, What is the IP address of PC2 in this network topology?,The IP address of PC2 in this network topology is 192.168.10.2/24.
/home/albert/multimodal-rsch-master/multimodal-rsch/network-pictures/valid_15.png, Describe the connection between the switch S1 and the router R1.,"The switch S1 is connected to the router R1 via the gi0/0 interface on the switch, using the IP address range 192.168.10.0/24. This connection allows devices on the 192.168.10.0/24 network to communicate with other network segments."
/home/albert/multimodal-rsch-master/multimodal-rsch/network-pictures/valid_15.png, Explain the role of the switch S1 in this network setup.,"The switch S1 serves as a central point for connecting multiple devices within the same network segment (192.168.10.0/24). It manages data traffic by forwarding packets to the correct destination based on MAC addresses, ensuring efficient network communication."
/home/albert/multimodal-rsch-master/multimodal-rsch/network-pictures/valid_16.png, What type of connections are primarily used in this network diagram?," ""The network diagram primarily uses FDDI (Fiber Distributed Data Interface)", Ethernet, Serial," and Token Ring connections to interconnect different devices."""
/home/albert/multimodal-rsch-master/multimodal-rsch/network-pictures/valid_16.png, Describe the connection between the Netgear wireless router and the main switch.," ""The Netgear wireless router", with IP address 10.10.9.254," is connected to the main switch labeled 'Limestone WS C20 1M VLAN' via an Ethernet connection."""
/home/albert/multimodal-rsch-master/multimodal-rsch/network-pictures/valid_16.png, How is the external network (WWW) accessed from the internal network?," ""The external network (WWW) is accessed from the internal network through the 'Topaz' router"," which connects to the WWW using a specific IP address range (168.16.0.20/27 to 0)."""
/home/albert/multimodal-rsch-master/multimodal-rsch/network-pictures/valid_16.png, Explain the role of the 'Labgate-2511' device in the network.," ""The 'Labgate-2511' device appears to connect the internal network to an external Motorola Modem Surfer 56K"," likely providing a legacy modem connection capability for accessing traditional dial-up services or as a backup connectivity option."""
/home/albert/multimodal-rsch-master/multimodal-rsch/network-pictures/valid_16.png, What is the significance of the VLAN labeled '1:10.10.8.254/21'?," ""The VLAN labeled '1:10.10.8.254/21' signifies a virtual LAN configuration on the main switch ('Limestone WS C20 1M VLAN')", providing a structured way to manage network traffic by dividing it into separate broadcast domains, improving network performance, security," and management."""
/home/albert/multimodal-rsch-master/multimodal-rsch/network-pictures/valid_17.png, Describe the role of VLAN 400 in this network diagram.," ""VLAN 400 is used for iBGP communication between arista-1 and arista-2 over the subnet 192.168.11.0/30"," with arista-1 having IP address .1 and arista-2 having IP address .2."""
/home/albert/multimodal-rsch-master/multimodal-rsch/network-pictures/valid_17.png, How is the OSPF Area 172.16.100.0/0 configured?," ""The OSPF Area 172.16.100.0/0 is configured to include both arista switches (arista-1 and arista-2) and the firewall devices (FW1 and FW2) connected via interface e1/1. The VLAN 100 network", which is 172.16.100.0/24, includes arista-1 with IP .200, arista-2 with IP .201," and the Firewall with IP .202."""
/home/albert/multimodal-rsch-master/multimodal-rsch/network-pictures/valid_17.png, What purpose does the ISwitch serve in this network configuration?, The ISwitch acts as a central aggregation point connecting both Internet Service Providers (ISP-A and ISP-B) to the Core router. This allows for redundancy and load balancing between two ISPs.
/home/albert/multimodal-rsch-master/multimodal-rsch/network-pictures/valid_17.png, Explain the function of the BGP protocol in this network.," ""The BGP protocol", running across AS 64512, is used to manage IP routing between autonomous systems on the arista-1 and arista-2 switches. It also connects to BGP neighbors in AS 65000 with the IP 172.16.200.11 and to AS 65511 at IP 172.16.222.11," enabling inter-AS communication and route advertisement."""
/home/albert/multimodal-rsch-master/multimodal-rsch/network-pictures/valid_17.png, How do the arista switches communicate internally?," ""The arista switches", arista-1 and arista-2," communicate internally using the iBGP protocol over interfaces e12 and e11. They are part of the same BGP AS 64512 and exchange routing information through a direct connection using VLANs 100 and 400 for different purposes."""
/home/albert/multimodal-rsch-master/multimodal-rsch/network-pictures/valid_18.png, Describe the connection between the BADAFI router and the CYMEZ router., The BADAFI router is connected to the CYMEZ router over an OSPF link using interface FastEthernet0/1 with the IP address 10.20.7.1/30 and FastEthernet0/1 on CYMEZ with the IP address 10.20.7.2/30.
/home/albert/multimodal-rsch-master/multimodal-rsch/network-pictures/valid_18.png, How is the HILINE router connected to the Internet?," ""The HILINE router is connected to the Internet through 7204 Router B"," which uses a BGP connection via an interface with IP 192.249.53.138/30 of the HILINE router to the interface 192.249.53.137/30 of 7204 Router B."""
/home/albert/multimodal-rsch-master/multimodal-rsch/network-pictures/valid_18.png, What are the IP addresses associated with the Loopback interfaces of the GTS and OFICINA routers?," ""The Loopback interface of the GTS router has the IP address 10.20.100.7/32"," while the Loopback interface of the OFICINA router has the IP address 10.20.100.2/32."""
/home/albert/multimodal-rsch-master/multimodal-rsch/network-pictures/valid_18.png, Explain the OSPF area setup among the routers.," ""The OSPF setup among the routers is structured such that all routers connect using OSPF. For instance", BADAFI, OFICINA, HILINE, CYMEZ," and GTS routers are interconnected with interfaces designated and IP addresses assigned specifically for OSPF connections ensuring continuous and efficient communication between routers."""
/home/albert/multimodal-rsch-master/multimodal-rsch/network-pictures/valid_18.png, What is the significance of the BGP connections in the network diagram?," ""The BGP connections in the network diagram are important because they connect the internal network to the Internet", facilitating the announcement of external networks with the specified IP address ranges (192.249.52.0/24, 192.249.53.0/24, and 192.249.54.0/24). This configuration is crucial for enabling the routers, specifically 7204 Routers A and B," to communicate with external networks and distribute routing information efficiently."""
/home/albert/multimodal-rsch-master/multimodal-rsch/network-pictures/valid_19.png, What are the IP addresses used in the network?," ""The network utilizes two IP address ranges: 192.168.1.0/24 and 192.168.2.0/24. The 192.168.1.0/24 network includes devices such as Laptop1", Laptop2, and S1," whereas the 192.168.2.0/24 network includes the second R1 router and Laptop3 connected wirelessly."""
/home/albert/multimodal-rsch-master/multimodal-rsch/network-pictures/valid_19.png, Describe the connection between the two routers labeled R1., The two routers labeled R1 are connected via interface gig0/2 on the first router to interface gig0/1 on the second router using the 192.168.2.0/24 network.
/home/albert/multimodal-rsch-master/multimodal-rsch/network-pictures/valid_19.png, How is Laptop3 connected to the network?," ""Laptop3 is connected wirelessly to the second router labeled R1"," which is situated on the 192.168.2.0/24 network."""
/home/albert/multimodal-rsch-master/multimodal-rsch/network-pictures/valid_19.png, What role does the device labeled S1 serve in the network?," ""The device labeled S1 functions as a switch", connecting multiple devices (Laptop1 and Laptop2) within the 192.168.1.0/24 network. This is achieved through its gigabit interfaces gig0/0, gig0/1," and gig0/2."""
/home/albert/multimodal-rsch-master/multimodal-rsch/network-pictures/valid_19.png, Explain the connection path from Laptop1 to Laptop3.," ""The connection path from Laptop1 to Laptop3 starts from Laptop1 going to S1 through port 0. From S1", it travels via gig0/0 to Router R1's gig0/1 interface on 192.168.1.0/24. It then goes from R1's gig0/2 to the second Router R1’s gig0/1 on 192.168.2.0/24. Finally," it reaches Laptop3 through the wireless connection."""
/home/albert/multimodal-rsch-master/multimodal-rsch/network-pictures/valid_20.png, What subnet is PC4 a part of?, PC4 is part of the 10.1.53.0/24 subnet.
/home/albert/multimodal-rsch-master/multimodal-rsch/network-pictures/valid_20.png, How is the router R1 connected to switch S3?, The router R1 is connected to switch S3 via the interface g0/0 on R1 and g0/2 on S3. The connection utilizes the 10.1.52.0/24 subnet.
/home/albert/multimodal-rsch-master/multimodal-rsch/network-pictures/valid_20.png, List all devices connected to switch S1.," ""Switch S1 has PC1 and PC2 connected to it on ports g0/0 and g0/2 respectively. Additionally"," it is connected to the router R1 via the g0/1 interface."""
/home/albert/multimodal-rsch-master/multimodal-rsch/network-pictures/valid_20.png, Describe the IP addressing scheme used in the network.," ""The network is segmented into different subnets: 10.1.55.0/24 for devices connected to S1", 10.1.53.0/24 for devices connected to S2, 10.1.52.0/24 for devices connected to S3, and 10.1.54.0/24 for devices connected to S4. Each switch is assigned an IP address within its subnet," and devices connected to the switches are similarly assigned IP addresses within those ranges."""
/home/albert/multimodal-rsch-master/multimodal-rsch/network-pictures/valid_20.png, Which interfaces does switch S4 use to connect to the other network devices?, Switch S4 uses the g0/1 interface to connect to router R1 over the 10.1.54.0/24 subnet and g0/2 to connect to PC8 within the same subnet.
/home/albert/multimodal-rsch-master/multimodal-rsch/network-pictures/valid_21.png," ""Noting that IP subnetting is a valid issue", focusing on the actual configuration of the topology," is this diagram valid?"""," ""Focusing solely on the topology configuration without considering the IP subnetting", the diagram appears valid. The connections between the firewall (FW1), router (R1), and PCs (PC1 and PC2) are logically arranged, with the firewall connected to the router, and the router further connecting to the PCs. Each device is connected to the correct network segments," which is structurally sound for typical network communication and routing purposes."""
/home/albert/multimodal-rsch-master/multimodal-rsch/network-pictures/valid_21.png, How is PC1 connected to the network?, PC1 is connected to the network via Port 0 and has the IP address 192.168.1.1/24.
/home/albert/multimodal-rsch-master/multimodal-rsch/network-pictures/valid_21.png, Describe the path data takes from PC2 to the Internet.," ""Data from PC2", with IP address 192.168.1.2/24," travels through Port 0 to the firewall FW1. FW1 then forwards the data to the Internet through its Port 0 interface with the IP address 192.168.1.4/24."""
/home/albert/multimodal-rsch-master/multimodal-rsch/network-pictures/valid_21.png," ""What interfaces are on R1"," and what are their roles?"""," ""R1 has three interfaces: gi0/0", gi0/1, and gi0/2. Interface gi0/0 connects to FW1 using the 192.168.1.0/24 subnet. Interface gi0/1 connects to the 192.168.1.3/24 network," and interface gi0/2 connects to PC1 which is on the 192.168.1.1/24 subnet."""
/home/albert/multimodal-rsch-master/multimodal-rsch/network-pictures/valid_21.png, Explain the subnets used in the network and their connectivity.," ""The network uses three subnets: 192.168.1.0/24", 192.168.1.3/24," and 192.168.1.1/24. The 192.168.1.0/24 subnet is used to connect FW1 and R1. The 192.168.1.3/24 subnet is assigned to R1’s gi0/1 interface. The 192.168.1.1/24 subnet is used to connect PC1 to R1."""
/home/albert/multimodal-rsch-master/multimodal-rsch/network-pictures/valid_22.png, Identify the IP address of the web server that is connected directly to the Cisco 4506 switch., The web server directly connected to the Cisco 4506 switch has the IP address 192.168.10.20.
/home/albert/multimodal-rsch-master/multimodal-rsch/network-pictures/valid_22.png, What is the IP address of the Mikrotik router and to which device is it directly connected?, The Mikrotik router has the IP address 172.10.10.2 and is directly connected to a Web server with the IP address 192.168.10.20.
/home/albert/multimodal-rsch-master/multimodal-rsch/network-pictures/valid_22.png, Describe the connection path that faces a FAILED status to the internet.," ""The connection facing a FAILED status originates from the web server with the IP address 172.18.1.117 and attempts to reach the internet through the IP address 202.xx.xx.xx"," but fails to complete the route successfully."""
/home/albert/multimodal-rsch-master/multimodal-rsch/network-pictures/valid_22.png, Explain the significance of the green and red lines in the diagram.," ""The green line signifies a successful connection from the web server with the IP address 192.168.10.20 to the IP address http://202.xx.xx.xx through the internet"," while the red line indicates a failed connection from the web server with the IP address 172.18.1.117 to the same IP address 202.xx.xx.xx."""
/home/albert/multimodal-rsch-master/multimodal-rsch/network-pictures/valid_22.png, Identify the devices connected to Cisco 4506 and their respective IP addresses.," ""The devices connected to the Cisco 4506 switch are another Cisco router with the IP address 172.10.1.2", a web server with the IP address 192.168.10.20," and a device with the IP address 172.10.10.1."""
/home/albert/multimodal-rsch-master/multimodal-rsch/network-pictures/valid_23.png, What is the IP address of the Medng Router's G0/0 interface?, The IP address of the Medng Router's G0/0 interface is 192.168.1.1.
/home/albert/multimodal-rsch-master/multimodal-rsch/network-pictures/valid_23.png, Explain the significance of the IP address 10.1.1.2 in the network," ""The IP address 10.1.1.2 is assigned to the DTE interface of the Lae Router's S0/0/0 interface"," which is connected to the DCE interface of the Medng Router's S0/0/0 interface using the IP address 10.1.1.1. This setup allows for communication between the Medng Router and Lae Router across the network."""
/home/albert/multimodal-rsch-master/multimodal-rsch/network-pictures/valid_23.png, How is the Medng Distribution Sw connected to end devices?," ""The Medng Distribution Sw is connected to multiple Med Access SWs (SW 1 and SW 2) via the G0/1 Interface", which in turn connect to several end devices such as e-recruitment (1.10), DAWU Clinic (1.11), e-book (1.12)," and e-enrollment (1.13)."""
/home/albert/multimodal-rsch-master/multimodal-rsch/network-pictures/valid_23.png, Describe the connections and role of the Lae Distribution Sw," ""The Lae Distribution Sw is connected to the Lae Router through the G0/1 interface. It serves as a central point for distributing network traffic to various access switches (Lae Access SW 1 and SW 2)", which then connect to multiple end devices including DSS1 (2.10), DSS2 (2.11), 2014 site (2.12)," and MBHA Website (2.13)."""
/home/albert/multimodal-rsch-master/multimodal-rsch/network-pictures/valid_23.png, What is the subnet mask used by the making Network?," ""The subnet mask used by the making Network is 255.255.255.0"," as denoted by the /24 notation in the IP address 192.168.1.0/24."""
/home/albert/multimodal-rsch-master/multimodal-rsch/network-pictures/valid_24.png, What is the function of the EO/0 interface on the router?,"The EO/0 interface on the router is configured as the outside interface using PPPoE, indicating that it connects to the external network or the Internet."
/home/albert/multimodal-rsch-master/multimodal-rsch/network-pictures/valid_24.png, How are VLANs configured on the HP-1 switch?,"VLANs are configured on the HP-1 switch as follows: V10 (192.168.10.2/24), V12 (192.168.12.2/30), V20 (192.168.20.2/24), V30 (192.168.30.2/24), V40 (192.168.40.2/24), V50 (192.168.50.2/24), and V60 (192.168.60.2/24). These interfaces correspond to different subnetworks."
/home/albert/multimodal-rsch-master/multimodal-rsch/network-pictures/valid_24.png, What static routes are configured on the ASA?,"The ASA has static routes configured as follows: 192.168.10.0/24, 192.168.20.0/24, 192.168.30.0/24, 192.168.40.0/24, 192.168.50.0/24, and 192.168.60.0/24, all through 192.168.12.2. Additionally, there are routes 192.168.20.200/32 and 192.168.30.240/32 through 192.168.12.2 for potential port forwarding."
/home/albert/multimodal-rsch-master/multimodal-rsch/network-pictures/valid_24.png, Explain the connectivity between the switches HP-1 and HP-2.,"HP-1 and HP-2 are connected via a trunk link that allows multiple VLANs (V10, V12, V20, V30, V40, V50, and V60) to communicate between the two switches. This means that traffic from any of these VLANs can traverse between HP-1 and HP-2."
/home/albert/multimodal-rsch-master/multimodal-rsch/network-pictures/valid_24.png, Describe the purpose of the access VLAN 20 configuration on HP-1.,"The access VLAN 20 configuration on HP-1 is set up to segment network traffic into a specific broadcast domain, ensuring that devices connected to this VLAN receive an IP address in the 192.168.20.X range via DHCP, enhancing network organization and security."
/home/albert/multimodal-rsch-master/multimodal-rsch/network-pictures/valid_25.png, How is the Ubuntu server connected to the network?, The Ubuntu server is connected to Core-1 via the interface Fa1/0/20.
/home/albert/multimodal-rsch-master/multimodal-rsch/network-pictures/valid_25.png, Which devices are connected to Core-2?," ""Core-2 is connected to three devices: Switch-2 via interface Fa1/0/23", Switch-3 via Fa1/0/24," and Switch-1 via Fa1/0/1."""
/home/albert/multimodal-rsch-master/multimodal-rsch/network-pictures/valid_25.png, Describe how PC2 is connected to the core network," ""PC2 is connected to Switch-2 using the interface Fa0/1"," which in turn is connected to Core-2 via Fa1/0/23 and Core-1 via Fa1/0/24."""
/home/albert/multimodal-rsch-master/multimodal-rsch/network-pictures/valid_25.png, Explain the redundancy in the connections between Core-1 and the switches," ""Core-1 is redundantly connected to Switch-1", Switch-2, and Switch-3. Switch-1 is connected via interfaces Fa1/0/1 and Fa1/0/23, Switch-2 via Fa1/0/23 and Fa1/0/2," and Switch-3 via interfaces Fa1/0/24 and Fa1/0/3. This ensures network reliability as there are multiple paths for data transmission."""
/home/albert/multimodal-rsch-master/multimodal-rsch/network-pictures/valid_25.png, What are the IP addresses assigned to the router R0?, The router R0 has two IP addresses: 10.1.1.253 assigned to interface Fa0/0 and 192.168.0.10 assigned to interface Fa0/1.
/home/albert/multimodal-rsch-master/multimodal-rsch/network-pictures/valid_26.png, What is the IP address of the ISP modem?, The IP address of the ISP modem is 192.168.0.1.
/home/albert/multimodal-rsch-master/multimodal-rsch/network-pictures/valid_26.png, Describe the connection between Switch 1 and the Router.," ""Switch 1 (Unifi US-8-60W) with IP address 192.168.10.241 is connected to the Router (Netgear) with IP address 192.168.10.254. This connection forms one of the main links in the network"," enabling devices connected to Switch 1 to access the internet via the Router."""
/home/albert/multimodal-rsch-master/multimodal-rsch/network-pictures/valid_26.png, What devices are connected to Switch 2?, Switch 2 (Unifi US-8-60W) with IP address 192.168.10.242 has a Study Computer (Apple iMac) connected via DHCP and a Network Printer with the static IP address 192.168.1.200.
/home/albert/multimodal-rsch-master/multimodal-rsch/network-pictures/valid_26.png, Identify the wireless devices connected to the network and their DHCP statuses., The wireless devices connected to the network are a Mobile device with unknown IP using DHCP and a Laptop with unknown IP also using DHCP. Both devices are connected through Access Points.
/home/albert/multimodal-rsch-master/multimodal-rsch/network-pictures/valid_26.png, Explain the role of Access Point 1 and Access Point 2 in the network.," ""Access Point 1 (Unifi AC Lite) with IP address 192.168.10.244 and Access Point 2 (Unifi AC Lite) with IP address 192.168.10.243 serve to extend the wireless coverage of the network. They provide connectivity to wireless devices such as the Mobile device and the Laptop"," ensuring that these devices can communicate with the rest of the network and access the internet."""
/home/albert/multimodal-rsch-master/multimodal-rsch/network-pictures/valid_27.png, What device is assigned the IP address 192.168.0.1?, The ISP router/modem is assigned the IP address 192.168.0.1.
/home/albert/multimodal-rsch-master/multimodal-rsch/network-pictures/valid_27.png, Which devices are connected to the ISP router/modem via DHCP?," ""The devices connected to the ISP router/modem via DHCP are the mobile", laptop, both computers, the study computer (Apple iMac)," and the network printer."""
/home/albert/multimodal-rsch-master/multimodal-rsch/network-pictures/valid_27.png, Is the connection between the ISP router/modem and the internet wired or wireless?, The connection between the ISP router/modem and the internet is wired.
/home/albert/multimodal-rsch-master/multimodal-rsch/network-pictures/valid_27.png, Describe how the study computer (Apple iMac) is integrated into this network.," ""The study computer (Apple iMac) is connected to the ISP router/modem using a DHCP configuration"," although its exact connectivity (wired or wireless) is not specified in the diagram."""
/home/albert/multimodal-rsch-master/multimodal-rsch/network-pictures/valid_27.png, What is the IP address assigned to the network printer?, The network printer is assigned the IP address 192.168.1.200.
/home/albert/multimodal-rsch-master/multimodal-rsch/network-pictures/valid_28.png, Is this diagram valid in its current state?," ""Yes", the diagram is valid in its current state, provided the router and access point are correctly configured within the same subnet
/home/albert/multimodal-rsch-master/multimodal-rsch/network-pictures/valid_28.png, How does the ISP modem connect to the rest of the network?," ""The ISP modem is connected to the Router via a wired connection"," and it has the IP address 192.168.0.1."""
/home/albert/multimodal-rsch-master/multimodal-rsch/network-pictures/valid_28.png," ""What devices are connected via Wi-Fi"," and what type of connections do they use?"""," ""The devices connected via Wi-Fi include a Mobile phone", Laptop," and Smart TV. All these devices utilize DHCP for acquiring their IP addresses."""
/home/albert/multimodal-rsch-master/multimodal-rsch/network-pictures/valid_28.png, What is the IP address and DHCP status of the Access Point?," ""The Access Point", labeled Netgear," has the IP address 192.168.10.230 and is using DHCP for network configuration."""
/home/albert/multimodal-rsch-master/multimodal-rsch/network-pictures/valid_28.png, Explain the role of the router in this network setup.," ""The router", labeled Netgear and assigned the IP address 192.168.10.254, serves as the central connecting device. It connects to the ISP modem to access the Internet and distributes connectivity to other devices, including the Access Point that extends the wireless network to various Wi-Fi enabled devices like the Mobile phone, Laptop," and Smart TV."""
/home/albert/multimodal-rsch-master/multimodal-rsch/network-pictures/valid_29.png, What IP address is assigned to the Router?, The Router in the network is assigned the IP address 192.168.10.254. It is connected to the ISP modem and serves as a gateway for the internal network.
/home/albert/multimodal-rsch-master/multimodal-rsch/network-pictures/valid_29.png, Which devices are connected to Switch 1?," ""Switch 1 has several devices connected to it: Access Point 1 with IP address 192.168.10.244", a mobile device and a laptop, a Game console, a Computer," and a Smart TV. These devices connect to the network and obtain IP addresses dynamically through DHCP."""
/home/albert/multimodal-rsch-master/multimodal-rsch/network-pictures/valid_29.png, How is the IP Camera connected within the network?," ""The IP Camera with IP address 192.168.10.221 is connected to Switch 2. Switch 2 is then connected to the Router"," thereby integrating the camera into the larger network infrastructure."""
/home/albert/multimodal-rsch-master/multimodal-rsch/network-pictures/valid_29.png, Describe the role of Access Points in the network," ""The Access Points (Access Point 1 - 192.168.10.244 and Access Point 2 - 192.168.10.243) in this network function to extend wireless connectivity to various devices such as the mobile phone", laptop," and study computer. They ensure that these wireless devices can consistently connect to the network and access the internet."""
/home/albert/multimodal-rsch-master/multimodal-rsch/network-pictures/valid_29.png, What is the purpose of the DHCP in the network?," ""DHCP (Dynamic Host Configuration Protocol) in the network automatically assigns IP addresses to devices", ensuring each has a unique address and is properly configured to access the network services. This relieves network administrators from manually configuring IP addresses for each device," simplifying network management and reducing configuration errors."""
/home/albert/multimodal-rsch-master/multimodal-rsch/network-pictures/valid_30.png, What is the IP address of the R1 router?," ""The IP address of the R1 router is 10.1.52.3/24"," and it is connected to the network using the interface gi0/0."""
/home/albert/multimodal-rsch-master/multimodal-rsch/network-pictures/valid_30.png, What devices are connected to the switch S2?," ""The switch S2 has three direct connections: one to the switch S1 on interface gi0/0", one to PC1 on interface gi0/1," and one to PC2 on interface gi0/2."""
/home/albert/multimodal-rsch-master/multimodal-rsch/network-pictures/valid_30.png, Describe the network pathway from PC1 to the router R1.," ""The network pathway from PC1 to the router R1 starts at PC1", moves through switch S2 via the gi0/1 interface, proceeds to switch S1 via the gi0/0 interface," and finally reaches router R1 through the gi0/0 interface of S1."""
/home/albert/multimodal-rsch-master/multimodal-rsch/network-pictures/valid_30.png, What subnet is being used in this network?," ""The subnet used in this network is 10.1.52.0/24", which means all devices share the same subnet indicated by the IP addresses assigned to R1, PC1," and PC2."""
/home/albert/multimodal-rsch-master/multimodal-rsch/network-pictures/valid_30.png, Identify the interfaces used by switch S1 and their connections.," ""Switch S1 has two interfaces in use: gi0/0 connects to the router R1"," and gi0/1 connects to switch S2. The connections are part of the 10.1.52.0/24 subnet."""
/home/albert/multimodal-rsch-master/multimodal-rsch/network-pictures/valid_31.png, What is the purpose of the switch indicated by the IP address 192.168.1.10?, The switch at IP address 192.168.1.10 allows multiple wired devices to connect via Ethernet ports and communicate within the network. It helps in expanding the wired network by providing more connection points.
/home/albert/multimodal-rsch-master/multimodal-rsch/network-pictures/valid_31.png, How do the homeplug adapters extend the network?," ""The homeplug adapters extend the network by utilizing the existing electrical wiring in the home. They create a wired connection through power outlets", and the one labeled 192.168.1.11 also functions as a Wireless Access Point," providing Wi-Fi connectivity in areas where the signal might be weak."""
/home/albert/multimodal-rsch-master/multimodal-rsch/network-pictures/valid_31.png, Describe the IP address allocation strategy mentioned in the diagram., The home router is configured to assign IP addresses from 68 to 254 dynamically through DHCP. IP addresses below 68 are reserved for static assignments. This strategy helps to avoid IP address conflicts and ensures that certain devices consistently receive the same IP address when connected to the network.
/home/albert/multimodal-rsch-master/multimodal-rsch/network-pictures/valid_31.png, Explain the significance of port forwarding being enabled on the router.," ""Enabling port forwarding on the router means that the router can direct incoming internet traffic to specific devices or services within the local network. This is crucial for hosting services such as a web server or a gaming server"," which need to be accessible from outside the local network. The specific ports and services that are forwarded would be listed in the port forwarding configuration."""
/home/albert/multimodal-rsch-master/multimodal-rsch/network-pictures/valid_31.png, How does the wireless access point at IP address 192.168.1.13 extend Wi-Fi coverage?," ""The wireless access point at IP address 192.168.1.13 extends the Wi-Fi coverage by providing additional wireless network connectivity in areas where the signal strength from the main router might be insufficient. It connects to the network via Ethernet", ensuring a strong and stable data connection," and then broadcasts Wi-Fi signals to cover more areas of the home."""
/home/albert/multimodal-rsch-master/multimodal-rsch/network-pictures/valid_32.png," ""Describe the connection between the Firewall (FW1) and the Internet."""," ""The Firewall (FW1) is connected to the Internet using the interface gi0/0 with the IP address 10.1.52.10/24."""
/home/albert/multimodal-rsch-master/multimodal-rsch/network-pictures/valid_32.png," ""What is the relationship between the router R1 and the Switch (S1)?"""," ""The router R1 is connected to the Switch S1 via the interface gi0/0. The switch interface is gi0/1"," and they both use the network 10.1.52.0/24 for communication."""
/home/albert/multimodal-rsch-master/multimodal-rsch/network-pictures/valid_32.png," ""How is the Wireless Access Point connected within the network"," and which devices does it serve?"""," ""The Wireless Access Point is connected to the router R1 using the interface gi0/4", with an IP address of 10.1.52.9/24. It serves three devices: PC4 (10.1.52.5/24), PC5 (10.1.52.6/24), and PC6 (10.1.52.7/24)," all connected via wireless interfaces."""
/home/albert/multimodal-rsch-master/multimodal-rsch/network-pictures/valid_32.png," ""Discuss the IP address distribution for PCs connected to the Switch (S1)."""," ""The Switch (S1) connects to PC1 (10.1.52.1/24)", PC2 (10.1.52.2/24), and PC3 (10.1.52.3/24)," using its interface gi0/0. Each PC is assigned a unique IP address within the 10.1.52.0/24 network."""
/home/albert/multimodal-rsch-master/multimodal-rsch/network-pictures/valid_32.png," ""Explain the connectivity of the Web Server in the network."""," ""The Web Server is connected to the router R1 via the interface gi0/3 using the IP address 10.1.52.8/24. It uses port 0 for communication", making it an essential part of the network," accessible to all devices within the 10.1.52.0/24 subnet."""
/home/albert/multimodal-rsch-master/multimodal-rsch/network-pictures/valid_33.png, What is the function of the red lines in the diagram?," ""The red lines represent interactive links that are blocked by Spanning Tree Protocol (STP) or Rapid Spanning Tree Protocol (RSTP). This is done to prevent loops in the network"," ensuring a loop-free topology."""
/home/albert/multimodal-rsch-master/multimodal-rsch/network-pictures/valid_33.png, How is PC1 connected to Switch D?
/home/albert/multimodal-rsch-master/multimodal-rsch/network-pictures/valid_33.png, Describe the connectivity between Switch A and Switch B., Switch A and Switch B are connected directly through the interface g1/0/0 on both switches. This connection is labeled as L3 in the diagram and represents an active link.
/home/albert/multimodal-rsch-master/multimodal-rsch/network-pictures/valid_33.png, Explain the connection between Switch C and Switch F.," ""Switch C and Switch F are interconnected through two interfaces: g1/0/3 on Switch C", which connects to g1/0/1 on Switch F, and g1/0/2 on Switch C, which connects to g1/0/0 on Switch F. The link between g1/0/2 on Switch C and g1/0/0 on Switch F is blocked by STP/RSTP," represented by a red line."""
/home/albert/multimodal-rsch-master/multimodal-rsch/network-pictures/valid_33.png, How does Switch E connect to the rest of the network?," ""Switch E connects to Switch C via two interfaces: g1/0/1 on Switch E connects to g1/0/4 on Switch C", and g1/0/0 on Switch E connects to g1/0/5 on Switch C. The connection from g1/0/0 on Switch E to g1/0/5 on Switch C is blocked by STP/RSTP," as indicated by the red line in the diagram."""
/home/albert/multimodal-rsch-master/multimodal-rsch/network-pictures/valid_34.png, What devices are directly connected to the Netgear Router/Modem?," ""The Smart TV is directly connected to the Netgear Router/Modem via a wired connection", indicated by the solid black line, while the Macbook, Windows 7 PC," and Mobile Phone are connected wirelessly."""
/home/albert/multimodal-rsch-master/multimodal-rsch/network-pictures/valid_34.png, What is the role of the Netgear Router/Modem in the home network?," ""The Netgear Router/Modem serves as the central hub for the home network by connecting multiple devices to each other and providing access to the Internet"," as indicated by its position and connections in the diagram."""
/home/albert/multimodal-rsch-master/multimodal-rsch/network-pictures/valid_34.png, What is the IP address of the Mobile Phone and how is it connected to the network?," ""The Mobile Phone has the IP address 192.168.0.5 and is connected to the network wirelessly"," as indicated by the Wi-Fi symbol between the phone and the Netgear Router/Modem."""
/home/albert/multimodal-rsch-master/multimodal-rsch/network-pictures/valid_34.png, Explain how the devices on the home network communicate with the Internet.," ""Devices on the home network", including the Macbook, Windows 7 PC, Smart TV, and Mobile Phone," communicate with the Internet through the Netgear Router/Modem. The router/modem forwards the requests to the Internet and relays the responses back to the individual devices."""
/home/albert/multimodal-rsch-master/multimodal-rsch/network-pictures/valid_34.png, Describe the IP addressing scheme used in this home network.," ""The IP addressing scheme used in this home network follows the private IP address range reserved for local networks", specifically the 192.168.0.x range. Each device is assigned a unique IP address within this range, such as 192.168.0.2 for the Macbook, 192.168.0.3 for the Windows 7 PC, 192.168.0.4 for the Smart TV, and 192.168.0.5 for the Mobile Phone. The Netgear Router/Modem itself is assigned the IP address 192.168.0.1," serving as the default gateway for the connected devices."""
/home/albert/multimodal-rsch-master/multimodal-rsch/network-pictures/valid_35.png, Is this diagram in its current state valid?
/home/albert/multimodal-rsch-master/multimodal-rsch/network-pictures/valid_35.png, What is the IP address of the Windows Server 2012 in the network?
/home/albert/multimodal-rsch-master/multimodal-rsch/network-pictures/valid_35.png, Explain the connection between the Cisco Switch and other devices in the network.
/home/albert/multimodal-rsch-master/multimodal-rsch/network-pictures/valid_35.png, Why might the TP-Link Router be set to bridge mode instead of functioning as a regular router?
/home/albert/multimodal-rsch-master/multimodal-rsch/network-pictures/valid_35.png, Describe the potential impact on the network if the Cisco Switch fails.
/home/albert/multimodal-rsch-master/multimodal-rsch/network-pictures/invalid_01.png, Is this network diagram valid in its current state?
/home/albert/multimodal-rsch-master/multimodal-rsch/network-pictures/invalid_01.png, Is having multiple connections from the same port (PC1 connecting to both Switch S1 and Router R1 via Port 0) an issue?
/home/albert/multimodal-rsch-master/multimodal-rsch/network-pictures/invalid_01.png, Should crossing lines in a network diagram be avoided?
/home/albert/multimodal-rsch-master/multimodal-rsch/network-pictures/invalid_01.png," ""What subnet is used for the connections between R1", S1," and PC1 in the diagram?"""," ""The subnet used for the connections between R1", S1
/home/albert/multimodal-rsch-master/multimodal-rsch/network-pictures/invalid_01.png," ""What is a more appropriate way to connect PC1", Switch S1, Router R1," and Firewall FW1 to avoid the issues seen in the diagram?"""," ""A more appropriate way would be to connect PC1 to Switch S1 via Port 0", then connect Switch S1 to Router R1 and Firewall FW1. Ensure all connections are within the same subnet (e.g., 192.168.1.0/24) unless the devices are meant to be in different network segments. Additionally
/home/albert/multimodal-rsch-master/multimodal-rsch/network-pictures/invalid_02.png, Can Laptop1 communicate with Laptop2 with this diagram's structure as is?," ""Based on the provided network diagram", Laptop1 and Laptop2 are on different subnets. Laptop1 is on the 192.168.1.0/24 subnet. Laptop2 is on the 192.168.2.0/24 subnet. For communication between different subnets, routing is required. The diagram shows two routers labeled as R1
/home/albert/multimodal-rsch-master/multimodal-rsch/network-pictures/invalid_02.png, Is there anything invalid in this diagram?," ""The network diagram contains several issues: both routers are labeled R1", creating ambiguity, and there's no visible inter-router connection necessary for routing between subnets 192.168.1.0/24 and 192.168.2.0/24. Additionally, the switch configuration and proper IP address assignments on router interfaces are unclear
/home/albert/multimodal-rsch-master/multimodal-rsch/network-pictures/invalid_02.png, Which devices are connected to the network 192.168.2.0/24?
/home/albert/multimodal-rsch-master/multimodal-rsch/network-pictures/invalid_02.png, What are the two networks connected to the Switch S1?
/home/albert/multimodal-rsch-master/multimodal-rsch/network-pictures/invalid_02.png, How can we ensure communication between Laptop1 and Laptop2?," ""To ensure communication between Laptop1 and Laptop2", rename the routers to R1 and R2 for clarity, add a direct connection between them, and configure routing to enable inter-subnet communication. Verify that each router interface has the correct IP addresses for their respective subnets, ensure the switch is properly configured, and set up the router connected to Laptop2 as a wireless access point. This setup will facilitate routing between the 192.168.1.0/24 and 192.168.2.0/24 subnets
/home/albert/multimodal-rsch-master/multimodal-rsch/network-pictures/invalid_03.png, How are PC3 and PC4 able to communicate with Router R1?," ""PC3 and PC4 can communicate with Router R1 because they are on the 10.1.53.0/24 network"
/home/albert/multimodal-rsch-master/multimodal-rsch/network-pictures/invalid_03.png, Is there anything invalid in this diagram?," ""In this diagram", PC5 and PC6 are on the same network when connecting to the switch S3, but there is a different network connecting the switch to the Router R1. In other words, PC5 can communicate with PC6, but it cannot reach the Router R1
/home/albert/multimodal-rsch-master/multimodal-rsch/network-pictures/invalid_03.png," ""List the networks and switch ports that PC5 and PC6 are connected to"," respectively."""
/home/albert/multimodal-rsch-master/multimodal-rsch/network-pictures/invalid_03.png, Can PC5 communicate with PC6 directly? Explain why. Yes
/home/albert/multimodal-rsch-master/multimodal-rsch/network-pictures/invalid_03.png," ""Why can't PC5 and PC6 communicate with Router R1"," despite S3 being connected to R1?"""," ""PC5 and PC6 cannot communicate with Router R1 because they are on the 10.1.52.0/24 network", while the link between S3 and R1 uses the 10.1.48.0/24 network. Without routing information or configuration to connect these subnets
/home/albert/multimodal-rsch-master/multimodal-rsch/network-pictures/invalid_04.png, Is the following diagram valid?," ""The network diagram is invalid due to several issues: IP address conflicts with both router interfaces (g0/0) and all devices on the same subnet (192.168.1.0/24); improper network topology with multiple devices connected directly to one router interface; and incorrect firewall configuration with the same subnet for internal and external networks. Each network segment should have unique subnets", proper routing configurations
/home/albert/multimodal-rsch-master/multimodal-rsch/network-pictures/invalid_04.png, Why is it problematic to have multiple devices connected directly to the same router interface (gi0/0)?
/home/albert/multimodal-rsch-master/multimodal-rsch/network-pictures/invalid_04.png, What is the IP address assigned to the firewall (FW1) interface connected to the internal network?
/home/albert/multimodal-rsch-master/multimodal-rsch/network-pictures/invalid_04.png, What is the IP address of PC2 in the diagram?
/home/albert/multimodal-rsch-master/multimodal-rsch/network-pictures/invalid_04.png, Which interface on router R1 is connected to the firewall (FW1)?
/home/albert/multimodal-rsch-master/multimodal-rsch/network-pictures/invalid_05.png, Is this network diagram valid in its current state?," ""The network diagram is invalid because all devices (FW1", R1, PC1, PC2) have the same IP address, 192.168.10.1, within the 192.168.10.0/24 subnet, which causes address conflicts. Each device in the same subnet must have a unique IP address. Additionally, subnet segmentation is improperly handled, as the same subnet is used across all connections without proper configuration of device interfaces
/home/albert/multimodal-rsch-master/multimodal-rsch/network-pictures/invalid_05.png, Why is the network diagram invalid in its current state?," ""The network diagram is invalid because all devices (FW1", R1, PC1, PC2) share the same IP address 192.168.10.1 within the 192.168.10.0/24 subnet
/home/albert/multimodal-rsch-master/multimodal-rsch/network-pictures/invalid_05.png, What changes would make the diagram valid?," ""To make the diagram valid", assign unique IP addresses to each device interface (e.g., FW1: 192.168.10.1, R1 Gi0/0: 192.168.10.2, R1 Gi0/1: 192.168.20.1, PC1: 192.168.20.2
/home/albert/multimodal-rsch-master/multimodal-rsch/network-pictures/invalid_05.png, Which interface on the router (R1) is connected to PC1?
/home/albert/multimodal-rsch-master/multimodal-rsch/network-pictures/invalid_05.png, What is a common practice for assigning IP addresses to devices in a network?
