image,prompt,response,
/home/albert/multimodal-rsch-master/multimodal-rsch/dataset_images/valid_01.png,What is the IP address of the router connected to the two computers with 32 users each?,The IP address of the router connected to the two computers with 32 users each is 172.16.2.62.,
/home/albert/multimodal-rsch-master/multimodal-rsch/dataset_images/valid_01.png,How many users are connected to the network with the subnet 172.16.3.0/25?,There are 66 users connected to the network with the subnet 172.16.3.0/25.,
/home/albert/multimodal-rsch-master/multimodal-rsch/dataset_images/valid_01.png,What is the subnet mask of the network connected to fa0/1?,The subnet mask of the network connected to fa0/1 is 255.255.255.252.,
/home/albert/multimodal-rsch-master/multimodal-rsch/dataset_images/valid_01.png,Which network is assigned to the interface fa0/2?,The network assigned to the interface fa0/2 is 172.16.2.0/26.,
/home/albert/multimodal-rsch-master/multimodal-rsch/dataset_images/valid_01.png,What is the purpose of the 172.16.1.0/30 subnet?,The purpose of the 172.16.1.0/30 subnet is to connect two routers with a point-to-point link.,
/home/albert/multimodal-rsch-master/multimodal-rsch/dataset_images/valid_01.png,How would you configure a default gateway for the subnet 172.16.2.64/26?,"To configure a default gateway for the subnet 172.16.2.64/26, you would use the command ""ip route 0.0.0.0 0.0.0.0 172.16.2.62"" on the router.",
/home/albert/multimodal-rsch-master/multimodal-rsch/dataset_images/valid_01.png,What is the broadcast address for the subnet 172.16.2.0/26?,The broadcast address for the subnet 172.16.2.0/26 is 172.16.2.63.,
/home/albert/multimodal-rsch-master/multimodal-rsch/dataset_images/valid_01.png,How can you identify the subnet to which the IP address 172.16.3.129 belongs?,"To identify the subnet to which the IP address 172.16.3.129 belongs, you can use the subnet mask of 255.255.255.128 which shows that it belongs to the 172.16.3.0/25 subnet.",
/home/albert/multimodal-rsch-master/multimodal-rsch/dataset_images/valid_01.png,Explain the difference between the /26 and /25 subnet masks in terms of the number of hosts.,"The /26 subnet mask allows for 62 usable host addresses, whereas the /25 subnet mask allows for 126 usable host addresses.",
/home/albert/multimodal-rsch-master/multimodal-rsch/dataset_images/valid_01.png,How would you summarize the routes for the subnets 172.16.2.0/26 and 172.16.2.64/26 in a routing table?,"To summarize the routes for the subnets 172.16.2.0/26 and 172.16.2.64/26, you can use the summary route 172.16.2.0/24 in the routing table.",

/home/albert/multimodal-rsch-master/multimodal-rsch/dataset_images/valid_02.png,What is the IP address of the NTP server?,The IP address of the NTP server is 146.185.130.223.,
/home/albert/multimodal-rsch-master/multimodal-rsch/dataset_images/valid_02.png,What is the subnet mask for the network connecting SW1 and SW2?,The subnet mask for the network connecting SW1 and SW2 is /24.,
/home/albert/multimodal-rsch-master/multimodal-rsch/dataset_images/valid_02.png,Explain the significance of the IP address 192.168.123.3 in the network.,"The IP address 192.168.123.3 is assigned to the Core router, which serves as a central point of connectivity for the network.",
/home/albert/multimodal-rsch-master/multimodal-rsch/dataset_images/valid_02.png,Describe the connection between the Core router and the NTP server.,The Core router is connected to the NTP server over the Internet using the interface Fa0/1.,
/home/albert/multimodal-rsch-master/multimodal-rsch/dataset_images/valid_02.png,How does the Core router connect to SW1 and SW2?,"The Core router connects to SW1 and SW2 via interface Fa0/0, which branches into two connections to the switches.",
/home/albert/multimodal-rsch-master/multimodal-rsch/dataset_images/valid_02.png,Why is synchronization with an NTP server important in a network?,"Synchronization with an NTP server is crucial to ensure that all devices in the network have the same accurate time, which is important for time-stamping events, coordinating actions, and maintaining security protocols.",
/home/albert/multimodal-rsch-master/multimodal-rsch/dataset_images/valid_02.png,What could be the potential issues if the Core router loses connection to the NTP server?,"If the Core router loses connection to the NTP server, time synchronization across the network would fail, leading to potential issues with logging, security protocols, and time-sensitive applications.",
/home/albert/multimodal-rsch-master/multimodal-rsch/dataset_images/valid_02.png,How would you configure the Core router to synchronize time with the NTP server?,"To configure the Core router to synchronize time with the NTP server, you would use the command ""ntp server 146.185.130.223"" in the routerâ€™s configuration mode.",
/home/albert/multimodal-rsch-master/multimodal-rsch/dataset_images/valid_02.png,What role do SW1 and SW2 play in this network?,"SW1 and SW2 act as switches that facilitate network connectivity for devices within their respective segments, enabling communication within the 192.168.123.0/24 subnet.",
/home/albert/multimodal-rsch-master/multimodal-rsch/dataset_images/valid_02.png,What are some best practices for managing the Core router in this network?,"Some best practices for managing the Core router include regular updates and patches, maintaining secure access control, monitoring network traffic, and ensuring reliable backup and redundancy mechanisms.",

/home/albert/multimodal-rsch-master/multimodal-rsch/dataset_images/valid_03.png,What is the IP address of the NTP server?,The IP address of the NTP server is 146.185.130.223.,
/home/albert/multimodal-rsch-master/multimodal-rsch/dataset_images/valid_03.png,What is the subnet mask for the 192.168.123.0 network?,The subnet mask for the 192.168.123.0 network is 255.255.255.0.,
/home/albert/multimodal-rsch-master/multimodal-rsch/dataset_images/valid_03.png,Which device is connected to the Internet?,The Core router is connected to the Internet.,
/home/albert/multimodal-rsch-master/multimodal-rsch/dataset_images/valid_03.png,What interface does the Core router use to connect to the Internet?,The Core router uses interface Fa0/1 to connect to the Internet.
/home/albert/multimodal-rsch-master/multimodal-rsch/dataset_images/valid_03.png,How many devices are connected to the Core router?,"There are three devices connected to the Core router: the Internet, SW1, and SW2.",
/home/albert/multimodal-rsch-master/multimodal-rsch/dataset_images/valid_03.png,What is the IP address of SW1?,The IP address of SW1 is 192.168.123.1.,
/home/albert/multimodal-rsch-master/multimodal-rsch/dataset_images/valid_03.png,What is the IP address of SW2?,The IP address of SW2 is 192.168.123.2.,
/home/albert/multimodal-rsch-master/multimodal-rsch/dataset_images/valid_03.png,What is the purpose of the NTP server in this network?,The NTP server is used to synchronize the clocks of all devices in the network to ensure they have the same time.,
/home/albert/multimodal-rsch-master/multimodal-rsch/dataset_images/valid_03.png,Explain how the devices in the 192.168.123.0/24 network communicate with the Internet.,Devices in the 192.168.123.0/24 network communicate with the Internet through the Core router. The Core router forwards packets to and from the Internet using its Fa0/1 interface.,
/home/albert/multimodal-rsch-master/multimodal-rsch/dataset_images/valid_03.png,What routing protocols might be used in this network?,"In this network, routing protocols such as OSPF or EIGRP might be used to manage the routing of packets between devices and ensure efficient data transmission.",

/home/albert/multimodal-rsch-master/multimodal-rsch/dataset_images/valid_04.png,What is the IP address of the gateway in the modem bridge?,The IP address of the gateway in the modem bridge is 200.169.48.1.,
/home/albert/multimodal-rsch-master/multimodal-rsch/dataset_images/valid_04.png,What is the subnet mask for Appartement 1 in Building 1?,The subnet mask for Appartement 1 in Building 1 is 255.255.255.0.,
/home/albert/multimodal-rsch-master/multimodal-rsch/dataset_images/valid_04.png,Which VLAN is assigned to Appartement 28 in Building 7?,The VLAN assigned to Appartement 28 in Building 7 is VLAN 169.,
/home/albert/multimodal-rsch-master/multimodal-rsch/dataset_images/valid_04.png,What are the DNS server IP addresses used in the network?,The DNS server IP addresses used in the network are 200.169.48.3 and 200.169.48.4.,
/home/albert/multimodal-rsch-master/multimodal-rsch/dataset_images/valid_04.png,What is the starting IP address for Appartement 1 in Building 1?,The starting IP address for Appartement 1 in Building 1 is 10.10.1.0.,
/home/albert/multimodal-rsch-master/multimodal-rsch/dataset_images/valid_04.png,Describe the connection between the modem bridge and the DNS servers.,"The modem bridge connects to the firewall, which then connects to the DNS servers located at IP addresses 200.169.48.3 and 200.169.48.4.",
/home/albert/multimodal-rsch-master/multimodal-rsch/dataset_images/valid_04.png,What is the purpose of the firewall in this network setup?,The purpose of the firewall in this network setup is to provide security by filtering incoming and outgoing network traffic based on predefined security rules.,
/home/albert/multimodal-rsch-master/multimodal-rsch/dataset_images/valid_04.png,How are the VLANs distributed across the buildings and apartments?,"VLANs are distributed as follows: VLAN 1 is for Appartement 1 in Building 1, VLAN 28 is for Appartement 28 in Building 1, VLAN 169 is for Appartement 1 in Building 7, and VLAN 195 is for Appartement 28 in Building 7.",
/home/albert/multimodal-rsch-master/multimodal-rsch/dataset_images/valid_04.png,Explain the role of the router in the modem bridge.,"The router in the modem bridge manages the flow of data between the local network and the internet, acting as a gateway for all the devices in the network.",
/home/albert/multimodal-rsch-master/multimodal-rsch/dataset_images/valid_04.png,Identify and describe the different buildings and their associated VLANs.,"The network diagram shows two buildings, Building 1 and Building 7. Building 1 contains VLAN 1 for Appartement 1 and VLAN 28 for Appartement 28. Building 7 contains VLAN 169 for Appartement 1 and VLAN 195 for Appartement 28.",

/home/albert/multimodal-rsch-master/multimodal-rsch/dataset_images/valid_05.png,What device is connected to port 0?,The BT OpenReach box is connected to port 0.,
/home/albert/multimodal-rsch-master/multimodal-rsch/dataset_images/valid_05.png,What is the IP address of the Cisco ASA 5505?,The IP address of the Cisco ASA 5505 is 192.168.222.254.,
/home/albert/multimodal-rsch-master/multimodal-rsch/dataset_images/valid_05.png,Which device provides the wireless access points?,The wireless access points are provided by devices connected at the Bar and Balcony areas.,
/home/albert/multimodal-rsch-master/multimodal-rsch/dataset_images/valid_05.png,What is the public IP address of the ASA?,The public IP address of the ASA is 8.8.8.8.,
/home/albert/multimodal-rsch-master/multimodal-rsch/dataset_images/valid_05.png,What color Ethernet cable connects to the patch panel?,The RED Ethernet cable connects to the patch panel.,
/home/albert/multimodal-rsch-master/multimodal-rsch/dataset_images/valid_05.png,Explain the role of the Zyxel G-4100v2 in this network.,The Zyxel G-4100v2 is likely providing additional networking or security features and is connected with the IP address 172.16.10.57. It helps manage the flow of data within the network and ensures secure connections.,
/home/albert/multimodal-rsch-master/multimodal-rsch/dataset_images/valid_05.png,What is the function of the Netgear POE108P switches in this diagram?,"The Netgear POE108P switches are used to provide Power over Ethernet (PoE) to connected devices, allowing them to receive both data and power through a single Ethernet cable. This setup helps simplify wiring and provides power to devices like wireless access points.",
/home/albert/multimodal-rsch-master/multimodal-rsch/dataset_images/valid_05.png,How does the network ensure redundancy and reliability in its design?,"The network ensures redundancy and reliability by using multiple switches and patch panels, which distribute connections and reduce the risk of a single point of failure. Additionally, having devices like the Cisco ASA 5505 and multiple Netgear switches ensures that if one device fails, others can take over its role.",
/home/albert/multimodal-rsch-master/multimodal-rsch/dataset_images/valid_05.png,Describe the connection and role of the Domain Controller in the network.,"The Domain Controller, with the IP address 192.168.222.14, is connected to HP 1810G Switch 2. It is responsible for managing domain resources, user authentication, and security policies within the network, ensuring centralized administration and security enforcement.",
/home/albert/multimodal-rsch-master/multimodal-rsch/dataset_images/valid_05.png,"What could be the purpose of having a DMZ in this network, and how is it implemented?","A DMZ (Demilitarized Zone) in this network is implemented via port 4 on the Cisco ASA 5505 with the IP address 172.16.10.254. The DMZ provides an additional layer of security by isolating external-facing services from the internal network, reducing the risk of external threats reaching critical internal systems.",

/home/albert/multimodal-rsch-master/multimodal-rsch/dataset_images/valid_06.png,What is the purpose of the subnet mask in the network diagram?,"The subnet mask in the network diagram splits the IP address into the host and network addresses, which helps in routing the packets to the correct network segment.",
/home/albert/multimodal-rsch-master/multimodal-rsch/dataset_images/valid_06.png,Explain the role of the router in this network.,The router's role in this network is to forward data packets between different IP networks. It connects the devices in the network to the server and the internet by managing the data traffic.,
/home/albert/multimodal-rsch-master/multimodal-rsch/dataset_images/valid_06.png,How do the end users connect to the internet in this diagram?,"End users connect to the internet through the routers, which direct their requests to the server and ultimately to the internet. The routers use the subnet mask to manage the IP addresses and ensure data packets reach the correct destinations.",
/home/albert/multimodal-rsch-master/multimodal-rsch/dataset_images/valid_06.png,What IP address range is assigned to the application clients?,The application clients are assigned IP addresses within the range of 135.70.2.0 to 135.70.3.2 as shown in the network diagram.,
/home/albert/multimodal-rsch-master/multimodal-rsch/dataset_images/valid_06.png,Why is it important to split the IP address into host and network addresses?,"Splitting the IP address into host and network addresses is important for efficient routing and network management. It allows routers to determine the network segment to which a device belongs, facilitating proper data packet delivery.",
/home/albert/multimodal-rsch-master/multimodal-rsch/dataset_images/valid_06.png,Describe how data flows from an application client to the internet.,Data flows from an application client to the internet by first reaching the router assigned to its subnet. The router uses the subnet mask to determine the destination network and forwards the data to the server. The server then directs the data to the internet.,
/home/albert/multimodal-rsch-master/multimodal-rsch/dataset_images/valid_06.png,What might happen if the subnet mask is misconfigured?,"If the subnet mask is misconfigured, data packets might be incorrectly routed, leading to network traffic congestion or data loss. Devices might not communicate effectively, causing disruptions in network services.",
/home/albert/multimodal-rsch-master/multimodal-rsch/dataset_images/valid_06.png,How does the server facilitate communication between the end users and the internet?,"The server acts as an intermediary, processing requests from end users and directing them to the appropriate internet resources. It ensures data integrity and manages network resources effectively.",
/home/albert/multimodal-rsch-master/multimodal-rsch/dataset_images/valid_06.png,What could be the possible issues if the routers are not properly configured?,"If the routers are not properly configured, network traffic might not be efficiently managed, leading to slow performance or connectivity issues. Misconfigured routers can cause security vulnerabilities and data routing errors.",
/home/albert/multimodal-rsch-master/multimodal-rsch/dataset_images/valid_06.png,Why is it necessary for routers to manage data traffic between IP networks?,Routers manage data traffic between IP networks to ensure that data packets reach their intended destinations without collisions or loss. They help in optimizing network performance and maintaining security by directing traffic based on the IP address information.,

/home/albert/multimodal-rsch-master/multimodal-rsch/dataset_images/valid_07.png,What is the IP address of the HR department computer on Floor 1?,The IP address of the HR department computer on Floor 1 is 10.0.10.10.,
/home/albert/multimodal-rsch-master/multimodal-rsch/dataset_images/valid_07.png,How many switches are there in total in the network?,"There are a total of seven switches in the network, including the CORE/DIST switch.",
/home/albert/multimodal-rsch-master/multimodal-rsch/dataset_images/valid_07.png,Describe the connection between the CORE/DIST switch and the HR department on Floor 2.,"The CORE/DIST switch is connected to the Floor 2 switch via interface Fa0/6. The Floor 2 switch then connects to the HR-2 switch via interface Fa0/1, and finally, the HR-2 switch connects to the HR department computer with IP address 10.0.10.15 via interface Fa0/2.",
/home/albert/multimodal-rsch-master/multimodal-rsch/dataset_images/valid_07.png,What are the IP addresses of the computers in the FINANCE department on both floors?,The IP addresses of the computers in the FINANCE department are 10.0.20.10 on Floor 1 and 10.0.20.15 on Floor 2.,
/home/albert/multimodal-rsch-master/multimodal-rsch/dataset_images/valid_07.png,Explain the role of the Floor 1 and Floor 2 switches in this network.,The Floor 1 and Floor 2 switches act as intermediary devices that connect the CORE/DIST switch to the various department switches on each respective floor. They help manage and route the traffic efficiently to ensure communication between the different departments and the core network.,
/home/albert/multimodal-rsch-master/multimodal-rsch/dataset_images/valid_07.png,Which interfaces on the CORE/DIST switch are being used?,The interfaces Fa0/5 and Fa0/6 on the CORE/DIST switch are being used to connect to Floor 1 and Floor 2 switches respectively.,
/home/albert/multimodal-rsch-master/multimodal-rsch/dataset_images/valid_07.png,What is the IP address of the Production department computer on Floor 1?,The IP address of the Production department computer on Floor 1 is 10.0.30.10.,
/home/albert/multimodal-rsch-master/multimodal-rsch/dataset_images/valid_07.png,What could be the potential impact if the CORE/DIST switch fails?,"If the CORE/DIST switch fails, it would disrupt the entire network as all the Floor switches and subsequently all department switches are connected through it. This failure would result in a complete loss of communication between all departments and the core network, effectively bringing down the entire network.",
/home/albert/multimodal-rsch-master/multimodal-rsch/dataset_images/valid_07.png,Identify the interface on the Floor 2 switch that connects to the FINANCE-2 department.,The interface on the Floor 2 switch that connects to the FINANCE-2 department is Fa0/2.,
/home/albert/multimodal-rsch-master/multimodal-rsch/dataset_images/valid_07.png,Explain how redundancy could be added to this network to improve reliability.,"Redundancy could be added to this network by introducing additional connections between the CORE/DIST switch and the Floor switches, creating multiple paths for data to travel. This can be achieved by adding more interfaces and using protocols like Spanning Tree Protocol (STP) to prevent loops. Another approach could be to add backup switches and configure dynamic routing protocols to ensure that if one path or switch fails, another path can take over without interrupting network services.",

/home/albert/multimodal-rsch-master/multimodal-rsch/dataset_images/valid_08.png,What is the IP address of the firewall?,The IP address of the firewall is 128.59.14.36.,
/home/albert/multimodal-rsch-master/multimodal-rsch/dataset_images/valid_08.png,Which router connects to the internet and what is its serial interface IP address?,"Router 5 connects to the internet, and its serial interface IP address is 192.168.15.5.",
/home/albert/multimodal-rsch-master/multimodal-rsch/dataset_images/valid_08.png,Describe the connection between Router 1 and Router 2.,Router 1 and Router 2 are connected via a serial link with IP addresses 192.168.12.1 on Router 1 and 192.168.12.3 on Router 2.,
/home/albert/multimodal-rsch-master/multimodal-rsch/dataset_images/valid_08.png,How many subnets are there in the network and what are their ranges?,"There are four subnets in the network. Subnet 3 ranges from 128.59.14.8 to 128.59.14.15, Subnet 4 ranges from 128.59.14.16 to 128.59.14.23, Subnet 5 ranges from 128.59.14.24 to 128.59.14.31, and Subnet 6 ranges from 128.59.14.32 to 128.59.14.39.",
/home/albert/multimodal-rsch-master/multimodal-rsch/dataset_images/valid_08.png,Which devices are found in Subnet 3?,Subnet 3 contains the devices Interest02 (Sun SPARC 5) with IP address 128.59.14.10.,
/home/albert/multimodal-rsch-master/multimodal-rsch/dataset_images/valid_08.png,Explain the role of FDDI in this network.,"The FDDI (Fiber Distributed Data Interface) serves as a high-speed backbone connecting Routers 1, 2, and 3, providing a fast and reliable data transmission medium between these routers.",
/home/albert/multimodal-rsch-master/multimodal-rsch/dataset_images/valid_08.png,How is redundancy achieved in the router connections?,"Redundancy is achieved through multiple connections between routers. For example, Routers 1, 2, and 3 are interconnected via both FDDI and serial links, ensuring that if one connection fails, an alternative path is available for data transmission.",
/home/albert/multimodal-rsch-master/multimodal-rsch/dataset_images/valid_08.png,What are the serial link IP addresses between Router 1 and Router 3?,The serial link between Router 1 and Router 3 uses the IP addresses 192.168.13.1 on Router 1 and 192.168.13.3 on Router 3.,
/home/albert/multimodal-rsch-master/multimodal-rsch/dataset_images/valid_08.png,Which router is connected to the most subnets directly and what are these subnets?,Router 5 is connected to the most subnets directly. It is connected to Subnet 5 (128.59.14.24/29) and Subnet 6 (128.59.14.32/29).,
/home/albert/multimodal-rsch-master/multimodal-rsch/dataset_images/valid_08.png,Analyze the role of Router 4 in this network setup.,"Router 4 serves as a connection point for Subnet 3 and Subnet 4, linking them to the rest of the network via its serial connections to Router 2. It facilitates communication between these subnets and other parts of the network.",

/home/albert/multimodal-rsch-master/multimodal-rsch/dataset_images/valid_09.png,Analyze the role of Router 4 in this network setup.,"Router 4 serves as a connection point for Subnet 3 and Subnet 4, linking them to the rest of the network via its serial connections to Router 2. It facilitates communication between these subnets and other parts of the network.",
/home/albert/multimodal-rsch-master/multimodal-rsch/dataset_images/valid_09.png,What is the IP address of the VDSL router?,The IP address of the VDSL router is 192.168.0.1.,
/home/albert/multimodal-rsch-master/multimodal-rsch/dataset_images/valid_09.png,Which device connects directly to the VDSL router and provides VoIP functionality?,The Linksys WRT-54Gs with DD-WRT provides VoIP functionality and connects directly to the VDSL router.,
/home/albert/multimodal-rsch-master/multimodal-rsch/dataset_images/valid_09.png,Describe the connection setup for the living room devices.,"The living room devices, including the KISS IPTV-STB, Microsoft Xbox, and KISS DP-500 DVD Player, are connected to a 5-Port Fast Ethernet Switch, which is then connected to the VDSL router.",
/home/albert/multimodal-rsch-master/multimodal-rsch/dataset_images/valid_09.png,"How does the NAS RAID-5 storage device connect to the network, and what is its IP address?",The NAS RAID-5 storage device connects to the network via an 8-Port Fast Ethernet Switch with the IP address 192.168.1.20.,
/home/albert/multimodal-rsch-master/multimodal-rsch/dataset_images/valid_09.png,Which devices are found in the bedroom?,The bedroom contains a Terratec IP-Radio Noxon iRadio with the IP address range 192.168.1.x.,
/home/albert/multimodal-rsch-master/multimodal-rsch/dataset_images/valid_09.png,Explain the role of the Linksys SPA-2002 ATA in the network.,"The Linksys SPA-2002 ATA serves as an analog telephone adapter, allowing analog phones to make VoIP calls. It connects to the network via the 8-Port Fast Ethernet Switch and has the IP address 192.168.1.16.",
/home/albert/multimodal-rsch-master/multimodal-rsch/dataset_images/valid_09.png,How is the private PC connected to the network?,"The private PC connects to the network through the 8-Port Fast Ethernet Switch, which is linked to the Linksys WRT-54Gs router.",
/home/albert/multimodal-rsch-master/multimodal-rsch/dataset_images/valid_09.png,What is the role of the Linksys WRT-54Gs router in this network setup?,The Linksys WRT-54Gs router with DD-WRT firmware provides wireless connectivity and VoIP functionality for the network. It connects to the VDSL router and distributes IP addresses within the 192.168.1.x range.,
/home/albert/multimodal-rsch-master/multimodal-rsch/dataset_images/valid_09.png,Identify the device that is used for media streaming and its IP address range.,"The Phillips Streamium MC-I200 is used for media streaming, and it is part of the network with an IP address in the range 192.168.1.x.",
/home/albert/multimodal-rsch-master/multimodal-rsch/dataset_images/valid_09.png,Analyze the connection path from the Work Laptop to the Internet Service Provider.,"The Work Laptop connects to the 8-Port Fast Ethernet Switch, which is linked to the Linksys WRT-54Gs router. The WRT-54Gs connects to the VDSL router, which in turn connects to the Internet Service Provider via VDSL.",

/home/albert/multimodal-rsch-master/multimodal-rsch/dataset_images/valid_10.png,What is the IP address of the router in the Server Room?,The IP address of the router in the Server Room is 10.20.0.1.,
/home/albert/multimodal-rsch-master/multimodal-rsch/dataset_images/valid_10.png,Which devices are connected to Switch1 in the Computer Department?,"Switch1 in the Computer Department connects to multiple devices including CS HOD CABIN (192.168.2.2), Printer (192.168.2.3), PD (192.168.2.4), CS LAB 1 (192.168.2.5), CS LAB 2 (192.168.2.6), CS LAB 3 (192.168.2.7), and CS LAB 4 (192.168.2.8).",
/home/albert/multimodal-rsch-master/multimodal-rsch/dataset_images/valid_10.png,Describe the connection between Router0 and Router2.,"Router0 (10.10.0.1) and Router2 (20.20.0.1) are connected through an intermediary router (20.20.0.2), forming a connection path between them.",
/home/albert/multimodal-rsch-master/multimodal-rsch/dataset_images/valid_10.png,What is the IP address range of the IT Department?,"The IT Department has an IP address range starting from 192.168.1.0 to 192.168.1.255, with various devices such as HOD CABIN (192.168.1.2), Printer0 (192.168.1.9), and several PCs and Printers within the range.",
/home/albert/multimodal-rsch-master/multimodal-rsch/dataset_images/valid_10.png,Which devices are connected to Switch2 in the Other department?,"Switch2 in the Other department connects to Office (192.168.3.2), Exam Cell (192.168.3.3), TPO (192.168.3.5), Printer2, Printer3, Printer4, and PC Enquiry (192.168.3.4).",
/home/albert/multimodal-rsch-master/multimodal-rsch/dataset_images/valid_10.png,What is the purpose of the router with the IP address 10.10.0.1?,"The router with the IP address 10.10.0.1 serves as a central routing point connecting various departments such as the Computer Department, IT Department, and the Server Room.",
/home/albert/multimodal-rsch-master/multimodal-rsch/dataset_images/valid_10.png,How many devices are in the Internet Lab and what are their IP addresses?,"The Internet Lab contains five devices with the following IP addresses: PC2 (128.168.0.2), PC3 (128.168.0.3), PC4 (128.168.0.4), PC5 (128.168.0.5), and Printer5 (128.168.0.6).",
/home/albert/multimodal-rsch-master/multimodal-rsch/dataset_images/valid_10.png,Explain the function of the router with IP 20.20.0.1 in the network.,"The router with IP 20.20.0.1 connects the Server Room and the Computer Department to the core network, facilitating data transmission and communication between these critical segments.",
/home/albert/multimodal-rsch-master/multimodal-rsch/dataset_images/valid_10.png,Identify the devices in the Server Room and their roles.,"The Server Room contains devices such as Server FTP (1.0.0.4), Server WEB (1.0.0.3), Server DNS (1.0.0.2), and PC1 (1.0.0.5), which provide essential services like FTP, web hosting, DNS, and general computing.",
/home/albert/multimodal-rsch-master/multimodal-rsch/dataset_images/valid_10.png,How is redundancy achieved in the network?,"Redundancy is achieved through multiple routers and switches interconnecting various departments. For example, Router0 and Router2 both provide pathways for the network, ensuring alternative routes for data transmission in case of a failure.",

/home/albert/multimodal-rsch-master/multimodal-rsch/dataset_images/valid_11.png,What is the IP address of the c7200-isg1 router?,The IP address of the c7200-isg1 router is 192.168.1.1.,
/home/albert/multimodal-rsch-master/multimodal-rsch/dataset_images/valid_11.png,Explain the connection between the c6500-core1 and the SESM1 device.,The c6500-core1 is connected to the SESM1 device through the FE3/4 interface with the IP address 192.168.4.2. The SESM1 has an IP address of 10.0.0.1.,
/home/albert/multimodal-rsch-master/multimodal-rsch/dataset_images/valid_11.png,Which devices are connected to the c7200-bridge1?,"The c7200-bridge1 is connected to the C2900-sw1 switch on the FE0/0 interface and to LS 1010 on the ATM1/0 interface. It also connects to the c7200-isg1 and c7200-isg2 on the ATM1/0 and ATM1/1 interfaces, respectively.",
/home/albert/multimodal-rsch-master/multimodal-rsch/dataset_images/valid_11.png,Describe the role of the C7200 AAA/billing server in the network.,"The C7200 AAA/billing server handles authentication, authorization, and accounting (AAA) for users in the network. It also manages billing for services used by clients. This server ensures that only authorized users can access the network and keeps track of their activities for billing purposes.",
/home/albert/multimodal-rsch-master/multimodal-rsch/dataset_images/valid_11.png,How does the network ensure redundancy for the c7200-isg2 router?,"The network ensures redundancy for the c7200-isg2 router by connecting it to both the c6500-core1 on the FE3/2 interface and to the c7200-bridge1 on the ATM1/0 interface. This setup provides multiple pathways for data to travel in case one path fails, ensuring continued network availability and reliability.",

/home/albert/multimodal-rsch-master/multimodal-rsch/dataset_images/valid_12.png,What is the purpose of the Core Layer in this network topology?,"The Core Layer in this network topology is responsible for high-speed data transfer and routing between different distribution layers. It ensures that data packets are efficiently transported across various parts of the network, providing a backbone for network connectivity.",
/home/albert/multimodal-rsch-master/multimodal-rsch/dataset_images/valid_12.png,Which devices are part of the Distribution Layer and what role do they play?","The devices that are part of the Distribution Layer are the Catalyst 4510R and Catalyst 3750 switches. These switches act as intermediaries between the Core Layer and the Access Layer, managing data traffic, providing routing, and ensuring redundancy and high availability through HSRP for VLAN 2.3.202 and 203.",
/home/albert/multimodal-rsch-master/multimodal-rsch/dataset_images/valid_12.png,Explain the significance of HSRP in the Distribution Layer.,"HSRP (Hot Standby Router Protocol) in the Distribution Layer provides network redundancy for VLAN 2.3.202 and 203. It allows for a failover mechanism where one switch can take over the routing responsibilities if the other fails, ensuring continuous network availability and minimizing downtime.",
/home/albert/multimodal-rsch-master/multimodal-rsch/dataset_images/valid_12.png,What VLANs are associated with the Access Layer switches and how are they connected to the Distribution Layer?","The VLANs associated with the Access Layer switches are VLAN 2.202 and VLAN 3.203. The Catalyst 3560 is connected to VLAN 2.202, and the Catalyst 2970 is connected to VLAN 3.203. These VLANs are linked to the Distribution Layer through 1 Gbps connections to the Catalyst 4510R and Catalyst 3750 switches, respectively.",
/home/albert/multimodal-rsch-master/multimodal-rsch/dataset_images/valid_12.png,How is data redundancy achieved in this network topology?,"Data redundancy in this network topology is achieved through multiple high-speed connections between the Core and Distribution Layers and the implementation of HSRP for VLAN 2.3.202 and 203. This setup ensures that if one path or device fails, there are alternative pathways and devices available to maintain network functionality.",

/home/albert/multimodal-rsch-master/multimodal-rsch/dataset_images/valid_13.png,What is the subnet mask of the network segment connecting PC1?,"The subnet mask of the network segment connecting PC1 is 255.255.255.0, corresponding to the subnet 192.168.10.0/24.",
/home/albert/multimodal-rsch-master/multimodal-rsch/dataset_images/valid_13.png,Describe the path a packet takes from PC2 to the Internet.,"A packet from PC2 first travels through the network segment 192.168.20.0/24 to reach switch S1. From S1, the packet moves to router R1 on the 192.168.0.0/16 network segment. R1 then forwards the packet to the firewall, which connects to the Internet on the 192.168.1.0/24 network segment.",
/home/albert/multimodal-rsch-master/multimodal-rsch/dataset_images/valid_13.png,What role does the firewall play in this network topology?,"The firewall provides security by controlling incoming and outgoing network traffic between the internal network and the Internet. It ensures that only authorized traffic is allowed to pass through, protecting the internal network from external threats.",
/home/albert/multimodal-rsch-master/multimodal-rsch/dataset_images/valid_13.png,Explain the significance of the different subnet segments in this network.,"The network uses different subnet segments (192.168.10.0/24, 192.168.20.0/24, 192.168.0.0/16, and 192.168.1.0/24) to logically separate different parts of the network. This segmentation helps in managing traffic, enhancing security, and improving network performance by reducing broadcast domains.",
/home/albert/multimodal-rsch-master/multimodal-rsch/dataset_images/valid_13.png,How does switch S1 manage traffic between the connected devices?,"Switch S1 manages traffic by using MAC addresses to forward data packets only to the intended recipient device. It segments the network into different VLANs, allowing efficient traffic management and reducing collisions within each subnet.",

/home/albert/multimodal-rsch-master/multimodal-rsch/dataset_images/valid_14.png,What is the IP address range used in this network topology?,The IP address range used in this network topology is 192.168.1.0/24.,
/home/albert/multimodal-rsch-master/multimodal-rsch/dataset_images/valid_14.png,Describe the connection between PC1 and the firewall FW1.,"PC1 is connected to switch S1 on Port 0, which in turn is connected to router R1 on the gi0/0 interface. R1 is connected to firewall FW1 through the 192.168.1.0/24 network segment.",
/home/albert/multimodal-rsch-master/multimodal-rsch/dataset_images/valid_14.png,What is the purpose of router R1 in this network?,Router R1 serves as the primary routing device that connects the internal network to the firewall FW1. It routes traffic between different segments of the internal network and ensures that data packets are properly directed towards their destinations.,
/home/albert/multimodal-rsch-master/multimodal-rsch/dataset_images/valid_14.png,Explain the role of the firewall FW1 in this network setup.,"The firewall FW1 acts as a security barrier between the internal network and external networks such as the Internet. It controls the flow of traffic, blocking unauthorized access while allowing legitimate communication to pass through.",
/home/albert/multimodal-rsch-master/multimodal-rsch/dataset_images/valid_14.png,How does switch S1 manage traffic within the internal network?,"Switch S1 manages traffic within the internal network by using MAC addresses to forward data packets only to the appropriate devices. This reduces unnecessary traffic and collisions, improving overall network efficiency and performance.",

/home/albert/multimodal-rsch-master/multimodal-rsch/dataset_images/valid_15.png,Describe the network segment that connects the firewall to the switch.,The network segment that connects the firewall to the switch is the 192.168.1.0/24 subnet. The firewall is connected via Port 0 on the 192.168.1.0/24 network segment and Port 1 on the 192.168.10.4/24 network segment.,
/home/albert/multimodal-rsch-master/multimodal-rsch/dataset_images/valid_15.png,Explain the significance of the 192.168.10.0/24 subnet in this network.,"The 192.168.10.0/24 subnet in this network connects devices such as the router, PC1, and PC2. This subnet provides a distinct IP range for these devices, facilitating communication within this segment and improving network organization.",
/home/albert/multimodal-rsch-master/multimodal-rsch/dataset_images/valid_15.png,What is the IP address of PC2 in this network topology?,The IP address of PC2 in this network topology is 192.168.10.2/24.,
/home/albert/multimodal-rsch-master/multimodal-rsch/dataset_images/valid_15.png,Describe the connection between the switch S1 and the router R1.,"The switch S1 is connected to the router R1 via the gi0/0 interface on the switch, using the IP address range 192.168.10.0/24. This connection allows devices on the 192.168.10.0/24 network to communicate with other network segments.",
/home/albert/multimodal-rsch-master/multimodal-rsch/dataset_images/valid_15.png,Explain the role of the switch S1 in this network setup.,"The switch S1 serves as a central point for connecting multiple devices within the same network segment (192.168.10.0/24). It manages data traffic by forwarding packets to the correct destination based on MAC addresses, ensuring efficient network communication.",



